ID,Leaf1,Height1 ,LeafPostSpray,ChewDamage,Flower,Seeds ,TRT,Dicamba,Year,ML,POP,BLK,HerbDamage,Wfly1,Wfly,Wfly2,Height3,Leaf3,Width Avg,N,C,C.N
355,14,7,,3.22E-07,6,560,0,0,2018,1,1,1,0,1,0.2,,94,5,11,,,
356,6,7,,,1,80,0,0,2018,2,1,1,0,0.5,0.1,,37,4,5,,,
357,12,7,,,6,160,0,0,2018,3,1,1,0,0.5,0.1,,55,6,7,,,
358,10,8,,,4,200,0,0,2018,4,1,1,0,0,0,,68,7,7.9,,,
361,8,7,,3.70E-05,7,240,0,0,2018,7,1,1,0,2,0.4,,67,6,8,,,
365,10,6,,5.77E-07,8,320,0,0,2018,11,1,1,0,1.5,0.3,,70,6,9,,,
366,14,7,,1.59E-06,7,560,0,0,2018,12,1,1,0,2,0.4,,85,7,9.5,,,
370,,,,,,0,0,0,2018,16,1,1,0,3,0.6,,,,,,,
371,13,7,,0,8,640,0,0,2018,17,1,1,0,1.5,0.3,,81,7,9.6,,,
372,11,6,,1.18E-06,6,280,0,0,2018,18,1,1,0,2,0.4,,83,5,9.2,,,
375,5,4,,,4,0,0,0,2018,21,1,1,0,1,0.2,,,,9.5,,,
376,11,5,,,8,400,0,0,2018,22,1,1,0,1.5,0.3,,67,4,8.8,,,
377,15,6,,8.03E-08,9,800,0,0,2018,23,1,1,0,0,0,,95,6,12.1,,,
378,15,7,,4.05E-07,6,400,0,0,2018,1,1,1,0,0,0,,80,7,8.7,,,
380,14,6,,0,10,300,0,0,2018,3,1,1,0,1,0.2,,91,6,10.2,,,
381,13,8,,1.85E-07,11,920,0,0,2018,4,1,1,0,2,0.4,,94,15,11.9,,,
384,9,5,,,,40,0,0,2018,7,1,1,0,2,0.4,,32,4,5.6,,,
387,,,,,0,840,0,0,2018,27,1,1,0,,,,32,12,12.6,,,
392,13,7,,,10,480,0,0,2018,15,1,1,0,1,0.2,,85,2,8.8,,,
395,13,6,,1.91E-06,5,480,0,0,2018,18,1,1,0,2,0.4,,91,5,9.6,,,
398,14,7,,,8,920,0,0,2018,21,1,1,0,1,0.2,,92,5,14,,,
400,,,,3.04E-07,2,280,0,0,2018,40,1,1,0,,,,47,7,8,,,
36,10,25,19,2.00E-05,7,480,0.5,1,2018,19,1,1,0.2,2,0.4,,79,19,8.9,,,
37,10,24,5,,4,160,0.5,1,2018,20,1,1,0.3,3,0.6,,62,5,6.8,,,
38,11,23.5,16,7.31E-05,6,360,0.5,1,2018,21,1,1,0.272727273,3,0.6,,67,16,10.6,,,
39,12,27,20,6.43E-07,8,480,0.5,1,2018,22,1,1,0.25,2.5,0.5,,84,20,11,,,
40,14,23,26,4.98E-07,9,440,0.5,1,2018,23,1,1,0.285714286,3,0.6,,88,26,11.7,,,
41,11,24,29,2.69E-07,8,440,0.5,1,2018,24,1,1,0.181818182,3,0.6,,71,29,9.6,,,
44,6,28,,,5,80,0.5,1,2018,27,1,1,0.166666667,2.5,0.5,,,,4.8,,,
46,5,27,24,2.02E-05,6,880,0.5,1,2018,29,1,1,0.2,3,0.6,,90,24,10.8,,,
49,7,23,11,6.77E-06,4,80,0.5,1,2018,32,1,1,0.142857143,4,0.8,,50,11,6,,,
51,4,18,8,1.54E-05,,40,0.5,1,2018,34,1,1,0.25,3,0.6,,35,8,4.2,,,
52,,24,3,6.84E-07,2,120,0.5,1,2018,35,1,1,,4,0.8,,57,3,6.2,,,
54,7,18,7,2.80E-06,6,200,0.5,1,2018,37,1,1,0.285714286,3,0.6,,51,7,6.8,,,
55,6,14.5,5,0,0,40,0.5,1,2018,38,1,1,0.166666667,4,0.8,,36,5,5,,,
60,10,20,15,8.25E-07,7,280,0.5,1,2018,20,1,1,0.2,3.5,0.7,,73,15,9.2,,,
62,9,17.5,4,1.60E-06,4,120,0.5,1,2018,22,1,1,0.222222222,2,0.4,,42,4,6.6,,,
64,9,23,6,6.74E-06,5,120,0.5,1,2018,24,1,1,0.222222222,3,0.6,,62,6,6,,,
65,10,25,35,2.33E-05,,1080,0.5,1,2018,25,1,1,0.3,1,0.2,,87,35,6.5,,,
68,10,22,,6.05E-06,6,0,0.5,1,2018,28,1,1,0.2,2,0.4,,,,9.9,,,
70,9,25,13,3.93E-07,2,200,0.5,1,2018,30,1,1,0.222222222,3,0.6,,60,13,7.9,,,
76,9,31,22,7.39E-07,5,680,0.5,1,2018,36,1,1,0.222222222,3,0.6,,86,22,,,,
78,11,24,9,0,9,240,0.5,1,2018,38,1,1,0.272727273,2,0.4,,65,9,10.6,,,
79,8,17,6,1.59E-05,,120,0.5,1,2018,39,1,1,0.25,1,0.2,,37,6,5,,,
796,6,18,,1.36E-07,7,620,0.5,1,2018,36,1,1,0.272727273,4,0.8,0.8,76,25,10.6,,,
115,,,,,2,400,1,1,2018,18,1,1,0.333333333,,,,64,28,7.9,,,
117,7,10,,,2,280,1,1,2018,20,1,1,0.25,2,0.4,,71,29,,,,
119,5,10.5,,,3,160,1,1,2018,22,1,1,0.285714286,3,0.6,,56,13,0.1,,,
120,9,9,,,3,200,1,1,2018,23,1,1,0.333333333,2,0.4,,59,12,,,,
121,5,11,,,,160,1,1,2018,24,1,1,0.25,3,0.6,,26,8,3.8,,,
123,7,10,,,,120,1,1,2018,26,1,1,0.25,2,0.4,,48,7,5.9,,,
125,6,9,,,5,200,1,1,2018,28,1,1,0.285714286,1,0.2,,52,13,,,,
130,5,6,,,0,120,1,1,2018,33,1,1,0.285714286,,,,31,11,4.5,,,
132,6,8,,,1,640,1,1,2018,35,1,1,0.333333333,3,0.6,,68,11,,,,
136,5,7.5,,,3,280,1,1,2018,39,1,1,0.222222222,2,0.4,,46,23,6.6,,,
137,7,11,,,7,560,1,1,2018,40,1,1,0.2,1,0.2,,58,16,,,,
138,8,9.5,,,7,760,1,1,2018,18,1,1,0.272727273,2,0.4,,85,34,11,,,
139,,,,,0,80,1,1,2018,19,1,1,0.285714286,3,0.6,,23,5,3.1,,,
140,6,9,,,4,80,1,1,2018,20,1,1,0.25,1,0.2,,46,5,6.3,,,
142,6,10,,,7,600,1,1,2018,22,1,1,0.428571429,,,,76,28,9.5,,,
143,7,11,,,,320,1,1,2018,23,1,1,0.285714286,3,0.6,,66,13,,,,
144,6,8,,,3,440,1,1,2018,24,1,1,0.3,,,,66,25,7.7,,,
145,6,8,,,3,0,1,1,2018,25,1,1,0.25,3,0.6,,,,7.3,,,
147,6,10,,,4,240,1,1,2018,27,1,1,0.222222222,2,0.4,,52,20,8.2,,,
772,,,,1.74E-06,2,0,1,1,2018,37,1,1,0.285714286,2,0.4,0.4,56,5,6.5,,,
435,11,6,,0,5,200,0,0,2018,1,1,2,0,1,0.2,0.2,64,4,7.1,,,
437,16,5,,0,2,80,0,0,2018,3,1,2,0,1,0.2,0.2,53,2,5.3,,,
440,14,6,,,3,160,0,0,2018,6,1,2,0,1,0.2,0.2,58,6,8.1,,,
443,15,7,,4.79E-07,4,200,0,0,2018,9,1,2,0,1,0.2,0.2,62,6,8.2,,,
444,12,6,,1.47E-07,0,80,0,0,2018,10,1,2,0,1,0.2,0.2,40,4,4.5,,,
451,15,6,,0,2,120,0,0,2018,17,1,2,0,1,0.2,0.2,45,4,6,,,
453,13,7,,7.05E-08,,200,0,0,2018,19,1,2,0,1,0.2,0.2,63,3,7.8,,,
454,17,6,,,5,120,0,0,2018,20,1,2,0,0,0,0,53,3,7.2,,,
455,15,5,,,5,240,0,0,2018,21,1,2,0,3,0.6,0.6,61,4,8,,,
458,16,6,,0,5,200,0,0,2018,1,1,2,0,0.5,0.1,0.1,61,6,8.1,,,
459,14,6,,,,0,0,0,2018,2,1,2,0,,,,,,,,,
460,14,7,,1.22E-05,8,760,0,0,2018,20,1,2,0,0,0,0,93,9,12.1,,,
462,,,,3.34E-07,2,120,0,0,2018,22,1,2,0,0,0,0,55,1,5.5,,,
465,8,7,,0,7,160,0,0,2018,8,1,2,0,2,0.4,0.4,,,9.5,,,
471,13,5,,,,0,0,0,2018,14,1,2,0,,,,,,7.1,,,
473,7,5,,6.33E-07,4,80,0,0,2018,16,1,2,0,1,0.2,0.2,44,5,6.2,,,
476,11,6,,2.21E-06,6,200,0,0,2018,19,1,2,0,0,0,0,50,3,5.9,,,
477,13,7,,2.89E-06,8,400,0,0,2018,20,1,2,0,0,0,0,72,4,8,,,
478,16,5,,6.82E-08,4,160,0,0,2018,21,1,2,0,1,0.2,0.2,52,6,6.6,,,
80,7,22,9,1.99E-06,2,120,0.5,1,2018,40,1,2,0.285714286,,,,46,9,6.1,,,
755,6,10,,0,7,0,0.5,1,2018,18,1,2,0.222222222,4.5,0.9,0.9,69,22,9.9,,,
756,6,13,,2.86E-07,,80,0.5,1,2018,19,1,2,0.142857143,2,0.4,0.4,47,6,6.4,,,
757,6,11,,3.73E-05,7,440,0.5,1,2018,20,1,2,0.272727273,3,0.6,0.6,71,21,9.1,,,
759,5,7,,5.39E-05,3,80,0.5,1,2018,22,1,2,0.25,5,1,1,33,11,6.5,,,
761,6,13,,0,6,320,0.5,1,2018,24,1,2,0.222222222,5,1,1,59,26,7.1,,,
763,7,12,,8.00E-06,7,260,0.5,1,2018,26,1,2,0.2,1,0.2,0.2,65,13,7.6,,,
764,7,12,,0,4,200,0.5,1,2018,27,1,2,0.2,0,0,0,55,12,7,,,
767,6,13,,,,0,0.5,1,2018,30,1,2,,,,,,,0,,,
774,5,10,,0,2,280,0.5,1,2018,37,1,2,0.2,2,0.4,0.4,50,16,5.4,,,
775,6,15,,1.57E-05,6,320,0.5,1,2018,38,1,2,0.222222222,2,0.4,0.4,62,12,7.1,,,
776,5,9,,,,140,0.5,1,2018,39,1,2,0.166666667,1,0.2,0.2,49,5,5,,,
779,6,13,,7.45E-06,6,420,0.5,1,2018,19,1,2,0.2,2,0.4,0.4,67,14,8.6,,,
780,6,12,,,6,0,0.5,1,2018,20,1,2,0.222222222,1,0.2,0.2,65,7,7.2,,,
782,6,13,,1.36E-06,,120,0.5,1,2018,22,1,2,,4,0.8,0.8,46,10,5.6,,,
783,6,14,,0,3,200,0.5,1,2018,23,1,2,0.222222222,3,0.6,0.6,64,12,7,,,
784,5,12,,0,4,160,0.5,1,2018,24,1,2,0.222222222,5,1,1,47,15,6,,,
787,6,6,,0,4,120,0.5,1,2018,27,1,2,0.3,5,1,1,47,23,5.5,,,
788,6,14,,0,7,400,0.5,1,2018,28,1,2,0.2,3,0.6,0.6,64,23,9.1,,,
789,4,6,,,3,80,0.5,1,2018,29,1,2,0.333333333,,,,29,4,4.1,,,
794,6,14,,1.33E-07,5,480,0.5,1,2018,34,1,2,0.2,2,0.4,0.4,63,22,8,,,
150,6,9,,,4,0,1,1,2018,30,1,2,0.25,3,0.6,,,,5.9,,,
677,8,13,,5.96E-06,5,200,1,1,2018,20,1,2,0.222222222,2,0.4,0.4,69,13,,,,
679,9,13,,3.81E-06,8,400,1,1,2018,22,1,2,0.222222222,1,0.2,0.2,76,21,8.4,,,
686,7,9,,0,3,0,1,1,2018,29,1,2,0.222222222,1,0.2,0.2,61,24,8.7,,,
687,5,9,,3.45E-06,2,340,1,1,2018,30,1,2,0.142857143,2,0.4,0.4,43,23,5,,,
693,4,14,,,2,160,1,1,2018,36,1,2,0.25,2,0.4,0.4,46,12,6,,,
694,,14,,,,0,1,1,2018,37,1,2,,,,,42,13,,,,
699,7,12,,4.66E-07,7,560,1,1,2018,19,1,2,0.2,4,0.8,0.8,82,41,9.5,,,
700,5,9,,0,7,320,1,1,2018,20,1,2,0.4,2.5,0.5,0.5,,,7.7,,,
701,6,9,,0,9,240,1,1,2018,21,1,2,0.272727273,2,0.4,0.4,87,23,10.4,,,
706,7,10,,0,,520,1,1,2018,26,1,2,0.375,1,0.2,0.2,67,40,9.5,,,
709,7,15,,1.14E-06,5,960,1,1,2018,29,1,2,0.2,3,0.6,0.6,78,47,9.9,,,
716,5,11,,3.75E-07,3,100,1,1,2018,36,1,2,0.166666667,1,0.2,0.2,40,12,4,,,
2,7.5,7,11,,58,340,0,0,2019,43,4,3,0,1,0.2,0.2,156,7,4.925,4.1395,41.49,0.099771029
3,11,7,20,,67,1800,0,0,2019,24,1,3,0,1,0.2,0.2,140,7,4.666666667,,,
5,12.5,7,13,,20,3890,0,0,2019,47,4,3,0,,,,146,13,10.29,,,
6,,,,,15,0,0,0,2019,5,1,3,,1,0.2,0.2,,,,,,
7,9,9,5,,0,240,0,0,2019,22,1,3,0,0,0,0,86,,,2.1868,37.569,0.058207565
10,11,4,5,,5,256,0,0,2019,20,1,3,0,2,0.4,0.4,77,17,4.38,,,
13,8,5,4,,,40,0,0,2019,39,4,3,0,1,0.2,0.2,32,2,2.85,,,
14,5.5,4,10,,20,1470,0,0,2019,29,2,3,0,,,,134,6,5.283333333,3.3521,41.661,0.080461343
15,4.5,6,0,,,0,0,0,2019,17,1,3,,,,,,,,,,
16,8.5,7,12,,0,4200,0,0,2019,49,5,3,0,1,0.2,0.2,156,23,7.49,4.046,40.347,0.10028007
17,3.5,6,9,,,1380,0,0,2019,28,2,3,0,2,0.4,0.4,141,15,7.31,,,
18,4,5,4,,11,340,0,0,2019,40,4,3,0,1,0.2,0.2,27,,,,,
61,8,6,10,,1,4270,0,0,2019,39,4,3,0,2.5,0.5,0.5,40,22,7.72,,,
63,4.5,5,9,,33,1620,0,0,2019,38,4,3,0,3,0.6,0.6,138,24,9,2.5984,36.025,0.072127689
64,4,3,,,12,40,0,0,2019,39,4,3,,1,0.2,0.2,,8,6.233333333,,,
67,6.5,6,8,,0,3260,0,0,2019,47,4,3,0,3,0.6,0.6,138,37,7.49,2.2548,43.276,0.052102782
68,4.5,6,8,,15,2840,0,0,2019,42,4,3,0,2,0.4,0.4,149,30,10.79,,,
70,6,5,3,,5,0,0,0,2019,29,2,3,0,2,0.4,0.4,48,5,5.125,1.7215,42.822,0.040201298
71,4.5,6,4,,0,0,0,0,2019,47,4,3,0,2,0.4,0.4,41,5,3.775,,,
73,4.5,7,4,,0,80,0,0,2019,42,4,3,0,1,0.2,0.2,46,6,5.1,,,
78,7.5,6,5,,0,560,0,0,2019,29,2,3,0,1,0.2,0.2,80,11,10.31,2.3411,41.832,0.055964334
79,7.5,5,5,,4,560,0,0,2019,3,1,3,0,2,0.4,0.4,97,12,5.97,1.7917,42.228,0.042429194
80,3,5,3,,2,0,0,0,2019,50,6,3,0,1,0.2,0.2,15,5,3.7,,,
121,10.5,9,3,,0,0,0,0,2019,11,1,3,0,3,0.6,0.6,38,6,3.15,,,
122,8,7,5,,0,370,0,0,2019,9,1,3,0,4,0.8,0.8,81,11,5.2875,1.9585,44.09,0.044420504
123,11,8,5,,3,650,0,0,2019,17,1,3,0,3,0.6,0.6,98,26,3.62,2.0989,43.969,0.047735905
125,8.5,7,5,,4,0,0,0,2019,9,1,3,0,3,0.6,0.6,96,20,4.07,,,
126,6.5,7,11,,5,8190,0,0,2019,46,4,3,0,3,0.6,0.6,164,43,7.02,2.2736,42.638,0.053323327
127,4.5,6,7,,40,2000,0,0,2019,31,3,3,0,2.5,0.5,0.5,159,32,7.32,,,
128,6,5,,,4,0,0,0,2019,6,1,3,,2,0.4,0.4,,6,5.34,,,
129,5.5,7,4,,0,0,0,0,2019,28,2,3,0,2,0.4,0.4,55,4,5.766666667,,,
130,3.5,5,6,,0,0,0,0,2019,14,1,3,0,3,0.6,0.6,59,3,4.533333333,2.6555,39.375,0.06744127
44,4.5,4,10,,0,2030,0.5,1,2019,27,2,3,0.4,3,0.6,0.6,92,15,3.85,,,
47,6.5,6,14,,1,0,0.5,1,2019,2,1,3,0.428571429,2,0.4,0.4,84,25,5.7,2.6119,40.479,0.064524815
48,4.5,5,10,,5,420,0.5,1,2019,15,1,3,0.4,3,0.6,0.6,56,9,3.316666667,,,
53,9.5,8,5,,0,420,0.5,1,2019,46,4,3,0.6,3,0.6,0.6,54,20,3.96,3.9543,42.011,0.094125348
57,4,7,12,,1,2140,0.5,1,2019,16,1,3,0.416666667,4,0.8,0.8,88,31,5.61,2.1924,39.588,0.055380418
60,3.5,6,9,,1,460,0.5,1,2019,24,1,3,0.444444444,2.5,0.5,0.5,64,15,3.957142857,3.0687,41.104,0.074656968
101,6,6,5,,0,180,0.5,1,2019,24,1,3,0.6,2.75,0.55,0.55,40,27,3.81,,,
103,5.5,5,5,,,240,0.5,1,2019,39,4,3,0.2,3,0.6,0.6,35,16,4.07,,,
105,13,7,28,,0,6960,0.5,1,2019,2,1,3,0.285714286,3.5,0.7,0.7,109,150,5.62,,,
107,11,7,25,,9,6020,0.5,1,2019,34,3,3,0.4,3.5,0.7,0.7,145,40,6.7,1.7316,36.757,0.047109394
108,9,9,22,,15,4030,0.5,1,2019,20,1,3,0.363636364,,,,101,70,6.06,,,
109,9,9,15,,6,0,0.5,1,2019,36,4,3,0.4,4,0.8,0.8,129,45,7.38,1.9051,37.676,0.050565347
110,8,9,4,,9,0,0.5,1,2019,24,1,3,0.75,,,,37,17,5.1,,,
113,8,9,,,0,0,0.5,1,2019,38,4,3,,,,,,50,,,,
114,6.5,7,9,,,1650,0.5,1,2019,43,4,3,0.333333333,4,0.8,0.8,93,,5.48,2.1981,43.346,0.050710562
115,9,7,15,,,3500,0.5,1,2019,21,1,3,0.466666667,3,0.6,0.6,96,75,5.1,3.375,40.608,0.083111702
116,6,7,5,,5,210,0.5,1,2019,40,4,3,0.4,2,0.4,0.4,76,3,6.866666667,2.7255,39.086,0.06973085
117,12,8,4,,0,0,0.5,1,2019,22,1,3,0.75,1,0.2,0.2,76,8,6.225,2.8226,38.756,0.072830013
118,8,7,4,,0,0,0.5,1,2019,23,1,3,0.75,1,0.2,0.2,31,12,2.211111111,,,
119,8,8,16,,,4170,0.5,1,2019,27,2,3,0.3125,4,0.8,0.8,100,100,7.11,2.4342,42.017,0.057933694
120,7,5,5,,5,0,0.5,1,2019,20,1,3,0.4,2,0.4,0.4,37,15,4.79,3.1909,41.296,0.077268985
143,4.5,5,7,,0,490,0.5,1,2019,19,1,3,0.428571429,2.5,0.5,0.5,50,25,5.13,2.2141,38.591,0.057373481
145,3,5,6,,1,100,0.5,1,2019,13,1,3,0.5,1,0.2,0.2,32,11,3.4,2.184,41.278,0.05290954
21,5.5,6,7,,0,2450,1,1,2019,35,3,3,0.428571429,3,0.6,0.6,144,35,8.31,2.9448,39.512,0.074529257
22,10,7,13,,3,5740,1,1,2019,22,1,3,0.307692308,3,0.6,0.6,150,50,8.78,2.4526,40.782,0.060139277
25,12,8,5,,6,350,1,1,2019,17,1,3,0.4,3,0.6,0.6,43,18,5.56,1.7546,42.264,0.041515238
30,7,6,8,,0,460,1,1,2019,38,4,3,0.375,4,0.8,0.8,78,18,5.9,3.3306,42.553,0.078269452
31,9,8,5,,2,665,1,1,2019,13,1,3,0.8,2,0.4,0.4,79,27,6.4,,,
33,9,8,6,,1,520,1,1,2019,9,1,3,0.5,4,0.8,0.8,77,13,6.05,2.1201,43.115,0.049173142
34,8,6,4,,1,60,1,1,2019,6,1,3,0.25,3,0.6,0.6,44,7,6.3,,,
36,8,6,4,,0,350,1,1,2019,23,1,3,0.75,2,0.4,0.4,55,12,5.77,2.4262,40.946,0.059253651
37,11,8,4,,0,560,1,1,2019,9,1,3,0.75,4,0.8,0.8,80,14,6.6,3.4342,36.499,0.094090249
38,7.5,6,5,,0,460,1,1,2019,26,2,3,0.4,3,0.6,0.6,92,14,7.44,1.4343,41.482,0.034576443
39,6.5,7,4,,0,0,1,1,2019,8,1,3,0.75,1,0.2,0.2,30,,,,,
40,5.5,6,8,,0,490,1,1,2019,16,1,3,0.375,1,0.2,0.2,,14,5.61,,,
81,4.5,5,8,,0,180,1,1,2019,10,1,3,0.25,2.5,0.5,0.5,59,11,3.9625,2.1467,42.564,0.05043464
82,6.5,5,6,,0,420,1,1,2019,19,1,3,0.333333333,,,,65,16,4.89,,,
84,7,6,5,,,180,1,1,2019,13,1,3,0.6,1,0.2,0.2,37,15,2.95,3.6531,40.426,0.090365112
86,6.5,5,,,0,140,1,1,2019,34,3,3,,2,0.4,0.4,43,7,5.28,2.4002,40.403,0.05940648
92,7,7,10,,0,1360,1,1,2019,18,1,3,0.3,2,0.4,0.4,77,37,5.67,,,
99,5,6,11,,2,1390,1,1,2019,8,1,3,0.363636364,2.5,0.5,0.5,85,33,5.57,1.9159,42.182,0.045419847
100,3,3,6,,2,40,1,1,2019,9,1,3,0.333333333,1.5,0.3,0.3,35,5,3.2,,,
131,6,5,,,0,0,1,1,2019,26,2,3,,1,0.2,0.2,40,6,3.8,,,
132,7,7,3,,5,70,1,1,2019,47,4,3,0,1.5,0.3,0.3,38,5,4.45,,,
134,8,7,5,,0,630,1,1,2019,42,4,3,0.4,3.5,0.7,0.7,91,11,4.21,2.6234,40.667,0.064509307
135,1,3,,,0,0,1,1,2019,4,1,3,,,,,,,,,,
136,8,7,5,,0,0,1,1,2019,3,1,3,0.4,3,0.6,0.6,,7,4.65,3.8465,42.407,0.090704365
137,4.5,4,3,,0,70,1,1,2019,50,6,3,0,1,0.2,0.2,22,6,3.54,,,
139,7.5,6,3,,0,210,1,1,2019,29,2,3,0.333333333,3,0.6,0.6,58,10,5.988888889,4.4636,40.538,0.110109033
140,5,6,5,,0,1220,1,1,2019,29,2,3,0.4,3,0.6,0.6,92,30,8.24,2.628,43.466,0.06046105
142,3,3,4,,0,140,1,1,2019,48,5,3,0.25,3,0.6,0.6,33,9,3.92,,,
191,6.5,7,5,,0,,0,0,2019,20,1,4,0,1.4,0.28,0.28,33,6,3.275,,,
192,3,5,8,,0,,0,0,2019,16,1,4,0,1.1,0.22,0.22,87,6,3.82,2.4929,38.6,0.064582902
193,7,6,,,5,,0,0,2019,12,1,4,,,,,,,,,,
194,5.5,6,,,,,0,0,2019,16,1,4,,1.5,0.3,0.3,64,6,4.38,3.6194,41.738,0.08671714
196,5,4,4,,0,,0,0,2019,36,4,4,0,,,,,,,,,
198,6,7,8,,,,0,0,2019,13,1,4,0,2.2778,0.45556,0.45556,102,30,5.84,3.1046,42.926,0.072324465
201,6.5,6,5,,6,,0,0,2019,1,1,4,0,2.4,0.48,0.48,31,,,,,
202,5,7,9,,1,,0,0,2019,2,1,4,0,1.75,0.35,0.35,107,16,3.95,2.8341,40.289,0.070344263
203,5,6,11,,14,,0,0,2019,46,4,4,0,0.667,0.1334,0.1334,141,13,4.416666667,,,
208,2.5,6,5,,21,,0,0,2019,4,1,4,0,4,0.8,0.8,,6,4.6,,,
252,4.5,5,,,45,,0,0,2019,39,4,4,,1.45,0.29,0.29,,20,,,,
253,8,8,8,,6,,0,0,2019,49,5,4,0,1.05,0.21,0.21,124,15,,,,
255,5,5,18,,32,,0,0,2019,20,1,4,0,0.75,0.15,0.15,138,21,,,,
256,6.5,8,7,,97,,0,0,2019,10,1,4,0,1.4,0.28,0.28,94,8,,,,
258,4.4,6,10,,14,,0,0,2019,14,1,4,0,,,,127,20,,,,
260,6.5,6,5,,0,,0,0,2019,12,1,4,0,2.5,0.5,0.5,37,8,,,,
261,5.5,7,4,,0,,0,0,2019,47,4,4,0,,,,57,6,,2.9264,41.113,0.071179432
262,10.5,7,12,,0,,0,0,2019,15,1,4,0,,,,156,,,,,
265,,,5,,0,,0,0,2019,18,1,4,0,,,,47,6,,3.3779,40.058,0.084325228
266,5,6,45,,0,,0,0,2019,11,1,4,0,1.3,0.26,0.26,146,29,,2.5041,39.276,0.063756493
268,10.8,13,9,,6,,0,0,2019,37,4,4,0,1.33,0.266,0.266,150,18,,,,
269,5.2,7,35,,50,,0,0,2019,4,1,4,0,1.4,0.28,0.28,158,49,,,,
270,11.7,13,44,,62,,0,0,2019,24,1,4,0,1.3,0.26,0.26,152,54,,,,
291,5.9,6,6,,0,,0,0,2019,35,3,4,0,3.21,0.642,0.642,,14,,,,
293,2.9,5,5,,0,,0,0,2019,21,1,4,0,2.929,0.5858,0.5858,73,15,,,,
296,2.1,4,4,,0,,0,0,2019,5,1,4,0,,,,50,,,,,
149,6.5,7,4,,0,,0.5,1,2019,46,4,4,0.75,2,0.4,0.4,30,13,3.51,,,
171,7,6,16,,9,,0.5,1,2019,21,1,4,0.5,2.85,0.57,0.57,106,150,6.09,,,
173,8,7,8,,6,,0.5,1,2019,29,2,4,0.5,2.65,0.53,0.53,110,30,7.53,,,
174,4.5,6,5,,8,,0.5,1,2019,23,1,4,0.2,,,,,20,6.04,2.9381,40.605,0.072358084
175,10.5,8,2,,0,,0.5,1,2019,28,2,4,0,3.875,0.775,0.775,44,6,9.666666667,2.1179,42.775,0.049512566
176,5.5,6,4,,0,,0.5,1,2019,38,4,4,0.25,3.7,0.74,0.74,66,22,5.72,,,
178,4,6,10,,0,,0.5,1,2019,20,1,4,0.3,,,,67,25,4.15,,,
179,5.5,5,5,,0,,0.5,1,2019,1,1,4,0.2,,,,85,8,4.28,2.6053,42.788,0.060888567
180,4.5,6,9,,0,,0.5,1,2019,46,4,4,0.333333333,3,0.6,0.6,85,19,4.22,,,
181,5,5,5,,0,,0.5,1,2019,30,2,4,0.4,4.111,0.8222,0.8222,75,9,7.116666667,3.053,38.898,0.078487326
182,2,4,4,,0,,0.5,1,2019,43,4,4,0.5,3.15,0.63,0.63,78,30,4.29,2.7158,41.176,0.065955897
184,7.5,7,16,,1,,0.5,1,2019,50,6,4,0.4375,3.333,0.6666,0.6666,146,50,8.72,,,
185,9,7,3,,7,,0.5,1,2019,40,4,4,0.333333333,4,0.8,0.8,,4,5.475,,,
188,4.5,5,4,,0,,0.5,1,2019,50,6,4,0,4.4,0.88,0.88,64,7,7.033333333,2.3089,42.453,0.054387205
190,4,5,10,,0,,0.5,1,2019,6,1,4,0.4,4.3,0.86,0.86,90,40,4.2,3.2468,41.945,0.077406127
233,3.5,6,,,,,0.5,1,2019,3,1,4,,,,,,7,,,,
234,5.5,6,7,,0,,0.5,1,2019,44,4,4,0.285714286,,,,18,10,,,,
235,4,6,8,,0,,0.5,1,2019,8,1,4,0.375,,,,64,14,,1.6839,43.515,0.038697001
249,4.5,6,8,,0,,0.5,1,2019,27,2,4,0.25,,,,51,13,,2.5134,43.833,0.05734036
284,5.3,5,3,,0,,0.5,1,2019,43,4,4,0.333333333,1.55,0.31,0.31,55,17,,2.997,40.342,0.074289822
289,7.4,6,12,,0,,0.5,1,2019,6,1,4,0.25,3.65,0.73,0.73,100,90,,,,
290,5.5,6,3,,0,,0.5,1,2019,26,2,4,0,3.55,0.71,0.71,80,18,,3.1091,36.678,0.084767436
154,9,9,6,,0,380,1,1,2019,26,2,4,0.5,1.875,0.375,0.375,93,8,6.0375,1.3201,41.751,0.031618404
155,4,6,,,2,0,1,1,2019,15,1,4,,,,,,,,,,
156,7.5,8,6,,,280,1,1,2019,50,6,4,0.333333333,2.375,0.475,0.475,81,5,7.46,,,
157,,,6,,0,840,1,1,2019,23,1,4,0.333333333,,,,98,25,6.22,3.0186,39.819,0.075808031
160,3.5,6,3,,4,240,1,1,2019,28,2,4,0,2,0.4,0.4,60,6,6.966666667,,,
164,12,6,17,,0,2100,1,1,2019,3,1,4,0.588235294,0.9,0.18,0.18,141,13,5.37,3.1994,40.881,0.078261295
166,7,8,4,,5,420,1,1,2019,43,4,4,0.5,1.625,0.325,0.325,61,5,3.6,,,
167,12,6,3,,2,350,1,1,2019,50,6,4,0.333333333,3.125,0.625,0.625,67,7,7,,,
168,7,7,27,,0,0,1,1,2019,10,1,4,0.481481481,2.5,0.5,0.5,129,100,4.71,,,
169,8,8,4,,29,350,1,1,2019,40,4,4,0.25,2.7,0.54,0.54,76,12,5.15,2.124,39.56,0.053690597
170,5,6,16,,,2770,1,1,2019,8,1,4,0.4375,3.9,0.78,0.78,112,50,4.85,1.6363,43.808,0.037351625
213,5,6,6,,0,460,1,1,2019,15,1,4,0.166666667,3.333,0.6666,0.6666,73,16,,2.7192,41.262,0.065900829
214,3.5,6,,,0,0,1,1,2019,6,1,4,,,,,,3,,,,
218,,,5,,0,0,1,1,2019,3,1,4,0.2,,,,,,,,,
221,4.5,5,3,,0,110,1,1,2019,36,4,4,0,3.9,0.78,0.78,,6,,2.8338,40.87,0.069336922
222,6.5,6,3,,,0,1,1,2019,4,1,4,0.333333333,3.667,0.7334,0.7334,,5,,,,
223,5.5,6,3,,0,100,1,1,2019,23,1,4,0,4.35,0.87,0.87,,7,,2.1489,37.424,0.057420372
229,2.5,3,7,,0,210,1,1,2019,11,1,4,0.571428571,1.857,0.3714,0.3714,58,6,,,,
271,13.5,11,4,,0,0,1,1,2019,42,4,4,0.25,2.95,0.59,0.59,107,35,,,,
272,7.5,8,6,,2,2620,1,1,2019,48,5,4,0.5,3.45,0.69,0.69,122,38,,,,
274,9.1,8,4,,0,385,1,1,2019,28,2,4,0.25,3.6,0.72,0.72,75,24,,,,
275,7,5,10,,0,0,1,1,2019,9,1,4,0.5,2.75,0.55,0.55,83,27,,,,
276,5,6,5,,0,210,1,1,2019,50,6,4,0.2,1.4,0.28,0.28,46,6,,,,
278,5.7,6,4,,0,100,1,1,2019,19,1,4,0.5,3.25,0.65,0.65,31,5,,,,
279,9.2,6,5,,0,280,1,1,2019,29,2,4,0.2,4.125,0.825,0.825,53,13,,,,
297,4.5,5,9,,0,0,0,0,2019,31,3,5,0,0.5,0.1,0.1,84,6,,,,
321,5,5,4,,0,0,0,0,2019,12,1,5,0,2.75,0.55,0.55,100,39,,0.85756,12.503,0.068588339
324,4.7,6,5,,3,2480,0,0,2019,48,5,5,0,3.7,0.74,0.74,130,37,,,,
325,13.4,8,5,,0,940,0,0,2019,42,4,5,0,2.25,0.45,0.45,115,23,,,,
326,5.8,6,4,,0,880,0,0,2019,28,2,5,0,3.72,0.744,0.744,93,25,,,,
329,7.9,5,5,,0,1610,0,0,2019,19,1,5,0,1.9,0.38,0.38,94,24,,,,
340,13.7,7,21,,33,1420,0,0,2019,5,1,5,0,1.55,0.31,0.31,151,125,,,,
381,5,4,4,,0,0,0,0,2019,49,5,5,0,1.333,0.2666,0.2666,27,4,,,,
382,8.2,6,6,,0,350,0,0,2019,31,3,5,0,2.563,0.5126,0.5126,84,6,,,,
383,7.3,6,9,,5,140,0,0,2019,46,4,5,0,3.438,0.6876,0.6876,56,,,4.3546,42.044,0.103572448
385,7.5,6,8,,2,140,0,0,2019,20,1,5,0,,,,54,8,,,,
387,6,6,8,,7,0,0,0,2019,47,4,5,0,,,,123,27,,,,
388,5.1,5,5,,0,140,0,0,2019,29,2,5,0,,,,64,7,,,,
389,11.5,8,20,,64,2900,0,0,2019,25,1,5,0,2.25,0.45,0.45,144,32,6.18,4.2206,41.155,0.10255376
390,9.7,6,21,,55,3080,0,0,2019,44,4,5,0,1.75,0.35,0.35,167,22,8.27,4.2794,42.735,0.10013806
391,5,6,4,,0,0,0,0,2019,26,2,5,0,1,0.2,0.2,29,5,,,,
392,5.6,5,4,,0,0,0,0,2019,41,4,5,0,3.25,0.65,0.65,,5,,,,
393,6.9,6,6,,,0,0,0,2019,10,1,5,0,,,,73,12,,,,
395,7.3,6,9,,7,770,0,0,2019,36,4,5,0,1.722,0.3444,0.3444,110,6,,,,
396,6,7,5,,0,40,0,0,2019,42,4,5,0,,,,,4,,3.753,42.286,0.088752779
397,7.1,6,18,,22,1020,0,0,2019,7,1,5,0,3.1,0.62,0.62,128,27,,3.9905,42.615,0.093640737
431,8.1,5,4,,0,1160,0,0,2019,35,3,5,0,3.111,0.6222,0.6222,120,36,,,,
432,6,3,4,,0,660,0,0,2019,29,2,5,0,2.857,0.5714,0.5714,77,14,,,,
433,6.1,5,7,,4,980,0,0,2019,40,4,5,0,2.417,0.4834,0.4834,90,8,,,,
434,4.7,5,9,,2,1400,0,0,2019,9,1,5,0,2.5,0.5,0.5,93,14,,,,
435,7.2,6,9,,9,2870,0,0,2019,44,4,5,0,1.8,0.36,0.36,108,24,,,,
437,3.9,6,7,,0,490,0,0,2019,45,4,5,0,2,0.4,0.4,76,10,,,,
439,4.9,6,3,,,0,0,0,2019,27,2,5,0,1.2,0.24,0.24,39,5,,,,
302,8.6,6,7,,0,1100,0.5,1,2019,11,1,5,0.285714286,2.1,0.42,0.42,60,36,,,,
304,4.1,6,4,,0,310,0.5,1,2019,47,4,5,0.25,3.65,0.73,0.73,,33,,4.4731,39.077,0.114468869
308,9.1,8,4,,0,688,0.5,1,2019,18,1,5,0,,,,66,24,,3.7239,38.398,0.096981614
309,3,5,22,,0,8010,0.5,1,2019,23,1,5,0.363636364,3.25,0.65,0.65,101,128,,,,
310,9.5,6,4,,0,1170,0.5,1,2019,4,1,5,0.5,,,,106,31,,,,
312,7.7,7,2,,0,0,0.5,1,2019,13,1,5,0,,,,,6,,,,
313,4.5,5,6,,0,1720,0.5,1,2019,3,1,5,0.333333333,3.6,0.72,0.72,105,57,,3.3329,37.945,0.087835024
314,10.2,9,8,,0,520,0.5,1,2019,20,1,5,0.25,3.25,0.65,0.65,68,50,,,,
319,4.4,6,10,,1,270,0.5,1,2019,6,1,5,0.3,2.9,0.58,0.58,44,21,,,,
361,3.2,6,4,,,0,0.5,1,2019,12,1,5,0.25,,,,,2,,,,
362,4.4,7,7,,0,1600,0.5,1,2019,16,1,5,0.285714286,,,,59,25,,,,
363,7.3,7,9,,0,2710,0.5,1,2019,17,1,5,0.222222222,3.1,0.62,0.62,87,106,,,,
364,4.9,5,3,,0,200,0.5,1,2019,29,2,5,0,3.2,0.64,0.64,59,6,,,,
365,5.2,8,5,,0,1180,0.5,1,2019,27,2,5,0.4,2.83,0.566,0.566,116,34,,,,
366,5.1,6,6,,0,700,0.5,1,2019,40,4,5,0.166666667,3.5,0.7,0.7,80,25,,,,
367,5.2,6,2,,0,0,0.5,1,2019,42,4,5,0.5,4.25,0.85,0.85,32,5,,,,
368,8.2,7,9,,0,1190,0.5,1,2019,2,1,5,0.222222222,3.333,0.6666,0.6666,66,16,,,,
369,5.3,7,6,,2,800,0.5,1,2019,38,4,5,0.333333333,3.35,0.67,0.67,65,13,,,,
370,6.7,6,10,,6,2340,0.5,1,2019,15,1,5,0.3,2.8,0.56,0.56,65,43,,,,
371,11.9,7,12,,6,0,0.5,1,2019,4,1,5,0.5,2.4,0.48,0.48,126,122,,,,
372,6.4,7,4,,0,280,0.5,1,2019,46,4,5,0.25,3.611,0.7222,0.7222,50,17,,,,
373,6.9,7,4,,0,0,0.5,1,2019,41,4,5,0.5,3.778,0.7556,0.7556,49,18,,,,
374,5.4,7,9,,0,1770,0.5,1,2019,22,1,5,0.333333333,2.9,0.58,0.58,94,37,,,,
375,11.1,7,5,,0,0,0.5,1,2019,26,2,5,0.2,2.9,0.58,0.58,88,36,,,,
376,10.3,5,4,,,530,0.5,1,2019,19,1,5,0.5,3.2,0.64,0.64,48,18,,3.0115,39.542,0.076159527
377,4.3,4,5,,0,160,0.5,1,2019,23,1,5,0.2,2.642,0.5284,0.5284,47,10,,3.429,40.065,0.085585923
378,9.9,7,12,,6,1540,0.5,1,2019,24,1,5,0.166666667,2.95,0.59,0.59,68,71,,,,
379,6.4,7,4,,0,0,0.5,1,2019,8,1,5,0.25,,,,36,5,,,,
380,5.4,7,7,,0,1020,0.5,1,2019,18,1,5,0.428571429,3.063,0.6126,0.6126,59,31,,,,
422,4.3,5,4,,0,0,0.5,1,2019,6,1,5,0.25,4.45,0.89,0.89,37,28,,,,
430,5.1,4,2,,0,0,0.5,1,2019,22,1,5,0.5,3.8,0.76,0.76,117,37,,,,
344,7.1,9,3,,0,900,1,1,2019,27,2,5,0,3.5,0.7,0.7,80,35,,3.0566,39.345,0.077687127
345,7.6,6,2,,0,230,1,1,2019,9,1,5,0,,,,65,10,,2.3281,43.156,0.053946149
346,,,4,,0,0,1,1,2019,44,4,5,0,,,,69,24,,,,
348,,,3,,0,180,1,1,2019,5,1,5,0,3.714,0.7428,0.7428,55,10,,4.1124,39.648,0.10372276
350,,,3,,0,90,1,1,2019,49,5,5,0,4.3,0.86,0.86,42,7,,,,
353,2.4,5,3,,0,1040,1,1,2019,22,1,5,0,2.556,0.5112,0.5112,106,16,,,,
354,2.2,5,2,,0,420,1,1,2019,35,3,5,0,3.571,0.7142,0.7142,84,11,,3.5698,38.895,0.091780435
355,,,,,,0,1,1,2019,30,2,5,,3.642,0.7284,0.7284,,,,,,
356,,,,,,0,1,1,2019,3,1,5,,2.45,0.49,0.49,,,,,,
357,8.7,7,3,,0,500,1,1,2019,43,4,5,0,3.55,0.71,0.71,61,20,,3.4264,40.603,0.084387853
404,4.5,5,3,,,0,1,1,2019,13,1,5,0,3.188,0.6376,0.6376,35,11,,,,
408,6.9,6,9,,0,1640,1,1,2019,46,4,5,0.222222222,2.35,0.47,0.47,91,29,,,,
409,7.2,6,6,,0,465,1,1,2019,3,1,5,0.5,2,0.4,0.4,92,12,,,,
410,6.1,6,3,,0,0,1,1,2019,23,1,5,0.333333333,1.5,0.3,0.3,27,12,,,,
419,8.1,5,,,3,1160,1,1,2019,18,1,5,,3.357,0.6714,0.6714,76,29,,,,
420,,,12,,,0,1,1,2019,24,1,5,0.25,,,,,,,,,
442,7.3,7,4,,0,260,1,1,2019,2,1,5,0.5,2.938,0.5876,0.5876,53,,,,,
443,7.1,5,4,,0,160,1,1,2019,40,4,5,0.25,3.143,0.6286,0.6286,54,19,,,,
444,3.5,5,3,,0,100,1,1,2019,27,2,5,0.333333333,3.556,0.7112,0.7112,34,12,,,,
445,5.2,5,3,,0,120,1,1,2019,16,1,5,0,2.375,0.475,0.475,38,10,,,,
446,2.2,3,3,,0,120,1,1,2019,38,4,5,0,2.857,0.5714,0.5714,51,,,,,
447,5.6,6,5,,0,190,1,1,2019,17,1,5,0.2,3.5,0.7,0.7,30,12,,,,
448,9.3,6,4,,0,620,1,1,2019,26,2,5,0.25,3.3,0.66,0.66,93,25,,,,
449,10.5,8,5,,1,690,1,1,2019,19,1,5,0.4,3.67,0.734,0.734,73,20,,,,
450,6.3,5,5,,2,230,1,1,2019,8,1,5,0.2,3.65,0.73,0.73,58,15,,3.5675,39.57,0.090156684